mask_id,timestamp,status
1,107307.188239914,sent
2,107307.203364376,sent
3,107307.219932954,sent
4,107307.235981716,sent
5,107307.2533016,sent
6,107307.269313787,sent
7,107307.286631143,sent
8,107307.302688769,sent
9,107307.31933098,sent
10,107307.336050568,sent
11,107307.352675563,sent
12,107307.36934795,sent
13,107307.386017073,sent
14,107307.402701588,sent
15,107307.419344855,sent
16,107307.43602505,sent
17,107307.452676829,sent
18,107307.469361537,sent
19,107307.486006244,sent
20,107307.502669959,sent
21,107307.519343754,sent
22,107307.536053518,sent
23,107307.552680176,sent
24,107307.569338867,sent
25,107307.586011638,sent
26,107307.60272281,sent
27,107307.619351421,sent
28,107307.636028032,sent
29,107307.652665635,sent
30,107307.669361414,sent
31,107307.686003177,sent
32,107307.702688492,sent
33,107307.719350927,sent
34,107307.736048819,sent
35,107307.752679766,sent
36,107307.769343001,sent
37,107307.785996188,sent
38,107307.802705087,sent
39,107307.81932589,sent
40,107307.836024261,sent
41,107307.852688617,sent
42,107307.869414284,sent
43,107307.886012271,sent
44,107307.902673394,sent
45,107307.919349749,sent
46,107307.936064633,sent
47,107307.952670491,sent
48,107307.969326942,sent
49,107307.986003425,sent
50,107308.002760134,sent
51,107308.019341608,sent
52,107308.036029547,sent
53,107308.05267371,sent
54,107308.06944181,sent
55,107308.086056789,sent
56,107308.102757784,sent
57,107308.119327578,sent
58,107308.136051102,sent
59,107308.152673377,sent
60,107308.169479526,sent
61,107308.186011239,sent
62,107308.202737803,sent
63,107308.219359181,sent
64,107308.236024016,sent
65,107308.252666995,sent
66,107308.269365399,sent
67,107308.28605865,sent
68,107308.302668061,sent
69,107308.319339136,sent
70,107308.336041603,sent
71,107308.352759655,sent
72,107308.369407402,sent
73,107308.38630136,sent
74,107308.402704944,sent
75,107308.419315666,sent
76,107308.435992789,sent
77,107308.452669945,sent
78,107308.469413725,sent
79,107308.486003711,sent
80,107308.502672738,sent
81,107308.519344357,sent
82,107308.536030185,sent
83,107308.552777709,sent
84,107308.569366863,sent
85,107308.586013746,sent
86,107308.602685301,sent
87,107308.619352184,sent
88,107308.6360335,sent
89,107308.652707167,sent
90,107308.66936397,sent
91,107308.686025413,sent
92,107308.702700424,sent
93,107308.719374347,sent
94,107308.736058191,sent
95,107308.752700177,sent
96,107308.769369621,sent
97,107308.786049688,sent
98,107308.802715771,sent
99,107308.819403646,sent
100,107308.836089538,sent
101,107308.852742309,sent
102,107308.86941012,sent
103,107308.886088043,sent
104,107308.902749102,sent
105,107308.919431474,sent
106,107308.936113749,sent
107,107308.952774424,sent
108,107308.969438331,sent
109,107308.986120862,sent
110,107309.002803298,sent
111,107309.019459013,sent
112,107309.0361442,sent
113,107309.052790283,sent
114,107309.069474958,sent
115,107309.086127633,sent
116,107309.102795828,sent
117,107309.11946988,sent
118,107309.136152571,sent
119,107309.152783774,sent
120,107309.169450785,sent
121,107309.18611242,sent
122,107309.202804519,sent
123,107309.219453642,sent
124,107309.236155406,sent
125,107309.252784368,sent
126,107309.269458932,sent
127,107309.286126583,sent
128,107309.302788026,sent
129,107309.319456765,sent
130,107309.336169857,sent
131,107309.352801827,sent
132,107309.369481511,sent
133,107309.386122441,sent
134,107309.402799757,sent
135,107309.419398831,sent
136,107309.436117747,sent
137,107309.452800182,sent
138,107309.469439353,sent
139,107309.486120892,sent
140,107309.502792351,sent
141,107309.519465699,sent
142,107309.536160774,sent
143,107309.552781993,sent
144,107309.56944126,sent
145,107309.586127887,sent
146,107309.60277733,sent
147,107309.619464629,sent
148,107309.636146937,sent
149,107309.652785851,sent
150,107309.669459231,sent
151,107309.686119042,sent
152,107309.702784677,sent
153,107309.719446184,sent
154,107309.736183692,sent
155,107309.752797358,sent
156,107309.769443601,sent
157,107309.786113844,sent
158,107309.80281372,sent
159,107309.819449531,sent
160,107309.836141566,sent
161,107309.852769697,sent
162,107309.869448516,sent
163,107309.886115111,sent
164,107309.902768906,sent
165,107309.919448141,sent
166,107309.936154321,sent
167,107309.95278146,sent
168,107309.969441655,sent
169,107309.986124442,sent
170,107310.002812829,sent
171,107310.019440608,sent
172,107310.036138948,sent
173,107310.052772294,sent
174,107310.069475178,sent
175,107310.086122957,sent
176,107310.10276024,sent
177,107310.119448979,sent
178,107310.136169047,sent
179,107310.152776153,sent
180,107310.169432668,sent
181,107310.186115007,sent
182,107310.202796995,sent
183,107310.219428517,sent
184,107310.236128713,sent
185,107310.25278846,sent
186,107310.269472943,sent
187,107310.286125714,sent
188,107310.302768917,sent
189,107310.319440408,sent
190,107310.336163964,sent
191,107310.352766271,sent
192,107310.369448546,sent
193,107310.386103237,sent
194,107310.402805288,sent
195,107310.419438187,sent
